{
    "8538 Green Street LLC": [
        1.7659693115345707e-17,
        -1.0416666666666666e-05,
        5.121311003450255e-16,
        -0.00030208333333333335
    ],
    "AMA Communications, LLC": [
        1.5878290695394544,
        -1.133793671096296e-07,
        15.718799108080418,
        -0.00010792201812907948
    ],
    "AT&T Spectrum Frontiers LLC": [
        3.7448245914205844,
        7.034182678954453e-09,
        14.544466281423388,
        4.346069119073119e-08
    ],
    "Agri-Valley Communications, Inc.": [
        1.3203760382158296,
        3.9328995234466974e-08,
        10.055199881612149,
        -1.3403265141467486e-06
    ],
    "Bluegrass Consortium": [
        2.568694362622222,
        -2.932123141353364e-06,
        7.6706430113259625,
        -1.5185092323662436e-05
    ],
    "Cal.net, Inc.": [
        3.4514727345097516,
        1.7925456636150542e-05,
        11.216631285657419,
        -0.00013325096192118893
    ],
    "California Internet, L.P. dba GeoLinks": [
        0.9999999999999997,
        -4.235164736271502e-22,
        22.67084054426207,
        3.181174656014455e-05
    ],
    "Canopy Spectrum, LLC": [
        0.22164738973019638,
        -5.274401172908646e-09,
        1.5802939017106388,
        -2.5396810334340304e-06
    ],
    "Carolina West Wireless, Inc.": [
        0.3365168134947204,
        -2.9454842946499125e-07,
        1.7330106911216605,
        -3.914706876117708e-06
    ],
    "Cellco Partnership": [
        8.830229727654086,
        2.3523789187614762e-08,
        8.14186541182426,
        2.2405678690499908e-08
    ],
    "Cellular South Licenses, LLC": [
        5.484072915314749,
        3.848385603021323e-07,
        13.336527549222495,
        4.871042225370605e-08
    ],
    "Central Texas Telephone Investments, LP": [
        5.331079234019617,
        5.4094832361506645e-06,
        18.97044398031132,
        -3.7858807743086714e-05
    ],
    "Cox Communications , Inc.": [
        0.3534627765067511,
        -1.0742872111763739e-08,
        6.940872300990055,
        -8.980083918041129e-08
    ],
    "Cross Telephone Company, L.L.C.": [
        1.5304110887835516,
        -6.811663038002229e-07,
        14.228234233622882,
        -2.5409583843845266e-05
    ],
    "East Kentucky Network, LLC": [
        3.114809895542443,
        3.001997681637749e-07,
        10.662285608353477,
        -3.6353338055072156e-07
    ],
    "Etheric Networks Incorporated": [
        3.1705228239572563,
        -3.984139954070177e-09,
        23.025514681060802,
        -7.4284503791922746e-06
    ],
    "FTC Management Group, Inc.": [
        2.164598596907145,
        4.047868248824105e-06,
        12.588503507732149,
        -1.0119670622060226e-05
    ],
    "Grand River Communications, Inc.": [
        2.667106201929043,
        1.822494476781323e-07,
        11.810321986082343,
        -2.9073292821930975e-06
    ],
    "Granite Wireless LLC": [
        0.022457934550156388,
        -1.4425255390954678e-06,
        0.38478153560869066,
        -8.363381345760702e-05
    ],
    "Hilliary Acquisition Corp 2016, LLC": [
        1.0257777381283981,
        -2.8073025931484902e-05,
        8.446015182021494,
        -0.0005272399935274494
    ],
    "Horry Telephone Cooperative, Inc.": [
        1.6352910669863299,
        -1.2929909959694733e-07,
        10.756714848890567,
        -6.309799460929382e-07
    ],
    "LICT Wireless Broadband Company, LLC": [
        3.3650986697315726,
        4.3600338633156325e-07,
        18.02683186383816,
        -5.281229423516814e-06
    ],
    "Little Bear Wireless L.L.C.": [
        0.7288622579564322,
        -3.728531763188588e-08,
        1.6779157142057346,
        -1.3079238669168448e-07
    ],
    "MB License Co LLC": [
        1.2887196720560405,
        -4.870567641829872e-09,
        10.584250116463847,
        -4.53652551217262e-08
    ],
    "Mountain West Technologies Corporation": [
        0.7997272158186429,
        -3.0436557343312847e-06,
        13.87870792442789,
        -5.4300335637658276e-05
    ],
    "NE Colorado Cellular, Inc.": [
        4.8235880871593935,
        -4.940685593091384e-07,
        20.31732122311442,
        -3.532232268263646e-05
    ],
    "NewLevel II, L.P.": [
        0.07664943695498477,
        -3.357704399563903e-07,
        0.5327099513878377,
        -2.2212478905053516e-06
    ],
    "Nex-Tech Wireless, L.L.C.": [
        1.5096700035395625,
        1.8882390910357115e-07,
        20.05204649854744,
        1.8882561806646643e-06
    ],
    "Northern Valley Communications, LLC": [
        10.578062163086106,
        6.749348571362073e-05,
        17.18286074899979,
        -0.00010277998643465606
    ],
    "Nsight Spectrum, LLC": [
        9.382654395625764,
        2.833316297965116e-06,
        12.945982671105995,
        -2.7706833154643377e-06
    ],
    "PVT Networks, Inc.": [
        0.5495940706878697,
        -3.5675540922883913e-06,
        5.649510212169111,
        -4.6971015790696944e-05
    ],
    "Pine Cellular Phones, Inc.": [
        1.4304140775888126,
        2.9665629365030045e-07,
        19.69494398643857,
        -6.982285838076323e-06
    ],
    "Pioneer Telephone Cooperative, Inc.": [
        5.277940208442155,
        4.6169184434488595e-07,
        25.83485787465826,
        2.2907928758299837e-06
    ],
    "Resound Networks, LLC": [
        0.4347931473755865,
        -2.052782568960973e-05,
        6.9653571077187975,
        -0.00046828022275083314
    ],
    "Skylake Wireless, LLC": [
        0.4189026975932242,
        -2.3594088112706818e-07,
        3.316732332036093,
        -5.116780678684268e-06
    ],
    "Smith Bagley, Inc.": [
        1.0781724140421665,
        -3.5953812617548144e-07,
        4.485656666406994,
        -7.251963207197928e-06
    ],
    "T-Mobile License LLC": [
        0.9892453055701025,
        -5.908499891136723e-09,
        6.060244936696439,
        -7.766428730343416e-09
    ],
    "Tarkus Enterprises, LLC dba Zumacom": [
        2.217693365358713,
        6.932499481176581e-06,
        32.43068539931013,
        5.604748039156731e-06
    ],
    "Uintah Basin Electronic Telecommunications, LLC": [
        1.415993285972566,
        -1.5659647266983596e-05,
        5.506291205455222,
        -0.00013757550545225684
    ],
    "Union Telephone Company": [
        2.2149829723859304,
        -3.8790254024744366e-07,
        6.961005912836951,
        -4.316748399889404e-06
    ],
    "United States Cellular Corporation": [
        -0.0016631495185180656,
        -1.5652252292623915e-07,
        0.005580574036070332,
        -1.3943800736081762e-06
    ],
    "Universal Electrical Contractors": [
        1.19556139445409,
        0.00011026134284239679,
        12.646835264861826,
        -0.0030662037254257967
    ],
    "Whitewater Wireless, L.P.": [
        0.8952826056380897,
        -1.2248284180338291e-09,
        13.160348989998212,
        -1.1957581791060797e-07
    ],
    "Widespread Wireless, LLC": [
        1.1602706796936477,
        -1.8039133260561223e-07,
        4.979606469309982,
        -1.3523299407210357e-06
    ]
}